{
    "resource": "/CloudCite",
    "path": "/CloudCite",
    "httpMethod": "POST",
    "headers": {
        "CloudFront-Forwarded-Proto": "https",
        "CloudFront-Is-Desktop-Viewer": "true",
        "CloudFront-Is-Mobile-Viewer": "false",
        "CloudFront-Is-SmartTV-Viewer": "false",
        "CloudFront-Is-Tablet-Viewer": "false",
        "CloudFront-Viewer-Country": "US",
        "content-type": "application/json",
        "Host": "q4s3hew332.execute-api.us-east-1.amazonaws.com",
        "Via": "1.1 36adb899a7fc98d037792f4d79b2eb38.cloudfront.net (CloudFront)",
        "X-Amz-Cf-Id": "0lNZ9unCh-39Ps0mPpQfLhUwWI74U0u_U18y_4EhcZWBbLTu-rgc8g==",
        "X-Amzn-Trace-Id": "Root=1-5b172c0f-b9665de883f2dea8219a6c88",
        "X-Forwarded-For": "67.180.55.131, 205.251.214.59",
        "X-Forwarded-Port": "443",
        "X-Forwarded-Proto": "https"
    },
    "queryStringParameters": null,
    "pathParameters": null,
    "stageVariables": null,
    "requestContext": {
        "resourceId": "b63npc",
        "resourcePath": "/CloudCite",
        "httpMethod": "POST",
        "extendedRequestId": "ICPSfH2xoAMF6Yg=",
        "requestTime": "06/Jun/2018:00:34:23 +0000",
        "path": "/prod/CloudCite",
        "accountId": "022440287703",
        "protocol": "HTTP/1.1",
        "stage": "prod",
        "requestTimeEpoch": 1528245263949,
        "requestId": "5c60e0c9-6921-11e8-aa01-5d3e0f17ac6e",
        "identity": {
            "cognitoIdentityPoolId": null,
            "accountId": null,
            "cognitoIdentityId": null,
            "caller": null,
            "sourceIp": "67.180.55.131",
            "accessKey": null,
            "cognitoAuthenticationType": null,
            "cognitoAuthenticationProvider": null,
            "userArn": null,
            "userAgent": null,
            "user": null
        },
        "apiId": "q4s3hew332"
    },
    "body": {
            "authors": null,
            "source": null,
            "container": null,
            "url": "https://bugbrowser.net",
            "format": "website",
            "publisher": null,
            "datePublished": null,
            "dateAccessed": {
            "month": 5,
            "day": 4,
            "year": 2018
            }
        },
    "isBase64Encoded": false
}